# wavenumber_cm-1,absorbance
# name: galalithe_dft_dft
# type: dft_packaged_reference
# provenance: supplied with original CHEMIX program; see docs/DATA_PROVENANCE.md
4000.0000,0.000102
3998.0000,0.000102
3996.0000,0.000103
3994.0000,0.000103
3992.0000,0.000103
3990.0000,0.000104
3988.0000,0.000104
3986.0000,0.000105
3984.0000,0.000105
3982.0000,0.000105
3980.0000,0.000106
3978.0000,0.000106
3976.0000,0.000106
3974.0000,0.000107
3972.0000,0.000107
3970.0000,0.000107
3968.0000,0.000108
3966.0000,0.000108
3964.0000,0.000109
3962.0000,0.000109
3960.0000,0.000109
3958.0000,0.000110
3956.0000,0.000110
3954.0000,0.000111
3952.0000,0.000111
3950.0000,0.000111
3948.0000,0.000112
3946.0000,0.000112
3944.0000,0.000113
3942.0000,0.000113
3940.0000,0.000113
3938.0000,0.000114
3936.0000,0.000114
3934.0000,0.000115
3932.0000,0.000115
3930.0000,0.000115
3928.0000,0.000116
3926.0000,0.000116
3924.0000,0.000117
3922.0000,0.000117
3920.0000,0.000118
3918.0000,0.000118
3916.0000,0.000118
3914.0000,0.000119
3912.0000,0.000119
3910.0000,0.000120
3908.0000,0.000120
3906.0000,0.000121
3904.0000,0.000121
3902.0000,0.000122
3900.0000,0.000122
3898.0000,0.000122
3896.0000,0.000123
3894.0000,0.000123
3892.0000,0.000124
3890.0000,0.000124
3888.0000,0.000125
3886.0000,0.000125
3884.0000,0.000126
3882.0000,0.000126
3880.0000,0.000127
3878.0000,0.000127
3876.0000,0.000128
3874.0000,0.000128
3872.0000,0.000129
3870.0000,0.000129
3868.0000,0.000130
3866.0000,0.000130
3864.0000,0.000131
3862.0000,0.000131
3860.0000,0.000132
3858.0000,0.000132
3856.0000,0.000133
3854.0000,0.000133
3852.0000,0.000134
3850.0000,0.000134
3848.0000,0.000135
3846.0000,0.000135
3844.0000,0.000136
3842.0000,0.000137
3840.0000,0.000137
3838.0000,0.000138
3836.0000,0.000138
3834.0000,0.000139
3832.0000,0.000139
3830.0000,0.000140
3828.0000,0.000140
3826.0000,0.000141
3824.0000,0.000142
3822.0000,0.000142
3820.0000,0.000143
3818.0000,0.000143
3816.0000,0.000144
3814.0000,0.000145
3812.0000,0.000145
3810.0000,0.000146
3808.0000,0.000146
3806.0000,0.000147
3804.0000,0.000148
3802.0000,0.000148
3800.0000,0.000149
3798.0000,0.000149
3796.0000,0.000150
3794.0000,0.000151
3792.0000,0.000151
3790.0000,0.000152
3788.0000,0.000153
3786.0000,0.000153
3784.0000,0.000154
3782.0000,0.000155
3780.0000,0.000155
3778.0000,0.000156
3776.0000,0.000157
3774.0000,0.000157
3772.0000,0.000158
3770.0000,0.000159
3768.0000,0.000159
3766.0000,0.000160
3764.0000,0.000161
3762.0000,0.000162
3760.0000,0.000162
3758.0000,0.000163
3756.0000,0.000164
3754.0000,0.000164
3752.0000,0.000165
3750.0000,0.000166
3748.0000,0.000167
3746.0000,0.000167
3744.0000,0.000168
3742.0000,0.000169
3740.0000,0.000170
3738.0000,0.000171
3736.0000,0.000171
3734.0000,0.000172
3732.0000,0.000173
3730.0000,0.000174
3728.0000,0.000174
3726.0000,0.000175
3724.0000,0.000176
3722.0000,0.000177
3720.0000,0.000178
3718.0000,0.000179
3716.0000,0.000179
3714.0000,0.000180
3712.0000,0.000181
3710.0000,0.000182
3708.0000,0.000183
3706.0000,0.000184
3704.0000,0.000185
3702.0000,0.000185
3700.0000,0.000186
3698.0000,0.000187
3696.0000,0.000188
3694.0000,0.000189
3692.0000,0.000190
3690.0000,0.000191
3688.0000,0.000192
3686.0000,0.000193
3684.0000,0.000194
3682.0000,0.000195
3680.0000,0.000196
3678.0000,0.000197
3676.0000,0.000198
3674.0000,0.000199
3672.0000,0.000200
3670.0000,0.000201
3668.0000,0.000202
3666.0000,0.000203
3664.0000,0.000204
3662.0000,0.000205
3660.0000,0.000206
3658.0000,0.000207
3656.0000,0.000208
3654.0000,0.000209
3652.0000,0.000210
3650.0000,0.000211
3648.0000,0.000212
3646.0000,0.000213
3644.0000,0.000214
3642.0000,0.000216
3640.0000,0.000217
3638.0000,0.000218
3636.0000,0.000219
3634.0000,0.000220
3632.0000,0.000221
3630.0000,0.000222
3628.0000,0.000224
3626.0000,0.000225
3624.0000,0.000226
3622.0000,0.000227
3620.0000,0.000229
3618.0000,0.000230
3616.0000,0.000231
3614.0000,0.000232
3612.0000,0.000234
3610.0000,0.000235
3608.0000,0.000236
3606.0000,0.000237
3604.0000,0.000239
3602.0000,0.000240
3600.0000,0.000241
3598.0000,0.000243
3596.0000,0.000244
3594.0000,0.000246
3592.0000,0.000247
3590.0000,0.000248
3588.0000,0.000250
3586.0000,0.000251
3584.0000,0.000253
3582.0000,0.000254
3580.0000,0.000256
3578.0000,0.000257
3576.0000,0.000259
3574.0000,0.000260
3572.0000,0.000262
3570.0000,0.000263
3568.0000,0.000265
3566.0000,0.000266
3564.0000,0.000268
3562.0000,0.000270
3560.0000,0.000271
3558.0000,0.000273
3556.0000,0.000275
3554.0000,0.000276
3552.0000,0.000278
3550.0000,0.000280
3548.0000,0.000281
3546.0000,0.000283
3544.0000,0.000285
3542.0000,0.000287
3540.0000,0.000288
3538.0000,0.000290
3536.0000,0.000292
3534.0000,0.000294
3532.0000,0.000296
3530.0000,0.000298
3528.0000,0.000300
3526.0000,0.000302
3524.0000,0.000304
3522.0000,0.000306
3520.0000,0.000308
3518.0000,0.000310
3516.0000,0.000312
3514.0000,0.000314
3512.0000,0.000316
3510.0000,0.000318
3508.0000,0.000320
3506.0000,0.000322
3504.0000,0.000325
3502.0000,0.000327
3500.0000,0.000329
3498.0000,0.000332
3496.0000,0.000334
3494.0000,0.000336
3492.0000,0.000339
3490.0000,0.000341
3488.0000,0.000344
3486.0000,0.000346
3484.0000,0.000349
3482.0000,0.000351
3480.0000,0.000354
3478.0000,0.000357
3476.0000,0.000359
3474.0000,0.000362
3472.0000,0.000365
3470.0000,0.000368
3468.0000,0.000371
3466.0000,0.000374
3464.0000,0.000377
3462.0000,0.000380
3460.0000,0.000383
3458.0000,0.000386
3456.0000,0.000390
3454.0000,0.000393
3452.0000,0.000396
3450.0000,0.000400
3448.0000,0.000404
3446.0000,0.000407
3444.0000,0.000411
3442.0000,0.000415
3440.0000,0.000419
3438.0000,0.000424
3436.0000,0.000428
3434.0000,0.000433
3432.0000,0.000438
3430.0000,0.000443
3428.0000,0.000448
3426.0000,0.000454
3424.0000,0.000460
3422.0000,0.000466
3420.0000,0.000473
3418.0000,0.000480
3416.0000,0.000488
3414.0000,0.000496
3412.0000,0.000506
3410.0000,0.000516
3408.0000,0.000528
3406.0000,0.000541
3404.0000,0.000557
3402.0000,0.000574
3400.0000,0.000595
3398.0000,0.000620
3396.0000,0.000650
3394.0000,0.000687
3392.0000,0.000734
3390.0000,0.000794
3388.0000,0.000873
3386.0000,0.000979
3384.0000,0.001123
3382.0000,0.001316
3380.0000,0.001566
3378.0000,0.001853
3376.0000,0.002096
3374.0000,0.002170
3372.0000,0.002029
3370.0000,0.001765
3368.0000,0.001495
3366.0000,0.001275
3364.0000,0.001110
3362.0000,0.000991
3360.0000,0.000905
3358.0000,0.000842
3356.0000,0.000796
3354.0000,0.000762
3352.0000,0.000737
3350.0000,0.000718
3348.0000,0.000703
3346.0000,0.000693
3344.0000,0.000685
3342.0000,0.000680
3340.0000,0.000676
3338.0000,0.000674
3336.0000,0.000673
3334.0000,0.000673
3332.0000,0.000674
3330.0000,0.000676
3328.0000,0.000678
3326.0000,0.000681
3324.0000,0.000684
3322.0000,0.000688
3320.0000,0.000692
3318.0000,0.000696
3316.0000,0.000701
3314.0000,0.000706
3312.0000,0.000711
3310.0000,0.000717
3308.0000,0.000723
3306.0000,0.000729
3304.0000,0.000735
3302.0000,0.000741
3300.0000,0.000748
3298.0000,0.000755
3296.0000,0.000762
3294.0000,0.000769
3292.0000,0.000776
3290.0000,0.000784
3288.0000,0.000791
3286.0000,0.000799
3284.0000,0.000807
3282.0000,0.000816
3280.0000,0.000824
3278.0000,0.000833
3276.0000,0.000842
3274.0000,0.000851
3272.0000,0.000860
3270.0000,0.000869
3268.0000,0.000879
3266.0000,0.000889
3264.0000,0.000899
3262.0000,0.000909
3260.0000,0.000919
3258.0000,0.000930
3256.0000,0.000941
3254.0000,0.000952
3252.0000,0.000963
3250.0000,0.000974
3248.0000,0.000986
3246.0000,0.000998
3244.0000,0.001011
3242.0000,0.001023
3240.0000,0.001036
3238.0000,0.001049
3236.0000,0.001062
3234.0000,0.001076
3232.0000,0.001090
3230.0000,0.001104
3228.0000,0.001118
3226.0000,0.001133
3224.0000,0.001148
3222.0000,0.001164
3220.0000,0.001180
3218.0000,0.001196
3216.0000,0.001212
3214.0000,0.001229
3212.0000,0.001247
3210.0000,0.001264
3208.0000,0.001283
3206.0000,0.001301
3204.0000,0.001320
3202.0000,0.001340
3200.0000,0.001360
3198.0000,0.001380
3196.0000,0.001401
3194.0000,0.001422
3192.0000,0.001444
3190.0000,0.001467
3188.0000,0.001490
3186.0000,0.001514
3184.0000,0.001538
3182.0000,0.001563
3180.0000,0.001588
3178.0000,0.001615
3176.0000,0.001642
3174.0000,0.001670
3172.0000,0.001698
3170.0000,0.001727
3168.0000,0.001757
3166.0000,0.001789
3164.0000,0.001820
3162.0000,0.001853
3160.0000,0.001887
3158.0000,0.001922
3156.0000,0.001958
3154.0000,0.001995
3152.0000,0.002033
3150.0000,0.002072
3148.0000,0.002113
3146.0000,0.002155
3144.0000,0.002198
3142.0000,0.002243
3140.0000,0.002289
3138.0000,0.002337
3136.0000,0.002386
3134.0000,0.002437
3132.0000,0.002490
3130.0000,0.002545
3128.0000,0.002602
3126.0000,0.002661
3124.0000,0.002722
3122.0000,0.002786
3120.0000,0.002852
3118.0000,0.002921
3116.0000,0.002992
3114.0000,0.003066
3112.0000,0.003144
3110.0000,0.003225
3108.0000,0.003309
3106.0000,0.003397
3104.0000,0.003489
3102.0000,0.003585
3100.0000,0.003685
3098.0000,0.003790
3096.0000,0.003901
3094.0000,0.004016
3092.0000,0.004138
3090.0000,0.004266
3088.0000,0.004400
3086.0000,0.004542
3084.0000,0.004691
3082.0000,0.004849
3080.0000,0.005016
3078.0000,0.005193
3076.0000,0.005380
3074.0000,0.005579
3072.0000,0.005790
3070.0000,0.006016
3068.0000,0.006256
3066.0000,0.006513
3064.0000,0.006788
3062.0000,0.007082
3060.0000,0.007399
3058.0000,0.007741
3056.0000,0.008110
3054.0000,0.008509
3052.0000,0.008942
3050.0000,0.009413
3048.0000,0.009928
3046.0000,0.010491
3044.0000,0.011110
3042.0000,0.011792
3040.0000,0.012547
3038.0000,0.013387
3036.0000,0.014324
3034.0000,0.015376
3032.0000,0.016562
3030.0000,0.017908
3028.0000,0.019445
3026.0000,0.021211
3024.0000,0.023257
3022.0000,0.025648
3020.0000,0.028466
3018.0000,0.031823
3016.0000,0.035867
3014.0000,0.040803
3012.0000,0.046910
3010.0000,0.054586
3008.0000,0.064395
3006.0000,0.077151
3004.0000,0.094017
3002.0000,0.116592
3000.0000,0.146810
2998.0000,0.186124
2996.0000,0.232919
2994.0000,0.278358
2992.0000,0.308044
2990.0000,0.317488
2988.0000,0.320165
2986.0000,0.330687
2984.0000,0.348336
2982.0000,0.355251
2980.0000,0.332712
2978.0000,0.284267
2976.0000,0.229431
2974.0000,0.182014
2972.0000,0.145606
2970.0000,0.118914
2968.0000,0.099623
2966.0000,0.085736
2964.0000,0.075802
2962.0000,0.068835
2960.0000,0.064192
2958.0000,0.061478
2956.0000,0.060486
2954.0000,0.061169
2952.0000,0.063634
2950.0000,0.068164
2948.0000,0.075257
2946.0000,0.085706
2944.0000,0.100662
2942.0000,0.121609
2940.0000,0.149864
2938.0000,0.184801
2936.0000,0.220355
2934.0000,0.244199
2932.0000,0.248379
2930.0000,0.240077
2928.0000,0.230919
2926.0000,0.222087
2924.0000,0.205804
2922.0000,0.178777
2920.0000,0.147514
2918.0000,0.119423
2916.0000,0.097280
2914.0000,0.080745
2912.0000,0.068586
2910.0000,0.059637
2908.0000,0.053011
2906.0000,0.048086
2904.0000,0.044428
2902.0000,0.041741
2900.0000,0.039818
2898.0000,0.038516
2896.0000,0.037738
2894.0000,0.037417
2892.0000,0.037512
2890.0000,0.038000
2888.0000,0.038875
2886.0000,0.040144
2884.0000,0.041831
2882.0000,0.043975
2880.0000,0.046630
2878.0000,0.049873
2876.0000,0.053810
2874.0000,0.058577
2872.0000,0.064359
2870.0000,0.071405
2868.0000,0.080053
2866.0000,0.090766
2864.0000,0.104190
2862.0000,0.121238
2860.0000,0.143203
2858.0000,0.171895
2856.0000,0.209733
2854.0000,0.259464
2852.0000,0.322758
2850.0000,0.396859
2848.0000,0.472495
2846.0000,0.543119
2844.0000,0.619351
2842.0000,0.719912
2840.0000,0.845160
2838.0000,0.958672
2836.0000,1.000000
2834.0000,0.939669
2832.0000,0.807106
2830.0000,0.653489
2828.0000,0.513477
2826.0000,0.400224
2824.0000,0.314003
2822.0000,0.249861
2820.0000,0.202160
2818.0000,0.166288
2816.0000,0.138885
2814.0000,0.117600
2812.0000,0.100795
2810.0000,0.087327
2808.0000,0.076382
2806.0000,0.067376
2804.0000,0.059881
2802.0000,0.053580
2800.0000,0.048234
2798.0000,0.043659
2796.0000,0.039715
2794.0000,0.036291
2792.0000,0.033299
2790.0000,0.030669
2788.0000,0.028345
2786.0000,0.026281
2784.0000,0.024440
2782.0000,0.022791
2780.0000,0.021307
2778.0000,0.019967
2776.0000,0.018754
2774.0000,0.017650
2772.0000,0.016644
2770.0000,0.015725
2768.0000,0.014881
2766.0000,0.014106
2764.0000,0.013392
2762.0000,0.012732
2760.0000,0.012122
2758.0000,0.011556
2756.0000,0.011030
2754.0000,0.010540
2752.0000,0.010084
2750.0000,0.009657
2748.0000,0.009258
2746.0000,0.008884
2744.0000,0.008533
2742.0000,0.008203
2740.0000,0.007893
2738.0000,0.007601
2736.0000,0.007325
2734.0000,0.007065
2732.0000,0.006818
2730.0000,0.006585
2728.0000,0.006364
2726.0000,0.006155
2724.0000,0.005956
2722.0000,0.005767
2720.0000,0.005587
2718.0000,0.005416
2716.0000,0.005252
2714.0000,0.005097
2712.0000,0.004948
2710.0000,0.004807
2708.0000,0.004671
2706.0000,0.004541
2704.0000,0.004417
2702.0000,0.004298
2700.0000,0.004184
2698.0000,0.004075
2696.0000,0.003970
2694.0000,0.003870
2692.0000,0.003773
2690.0000,0.003680
2688.0000,0.003590
2686.0000,0.003504
2684.0000,0.003421
2682.0000,0.003342
2680.0000,0.003265
2678.0000,0.003190
2676.0000,0.003119
2674.0000,0.003050
2672.0000,0.002983
2670.0000,0.002919
2668.0000,0.002856
2666.0000,0.002796
2664.0000,0.002738
2662.0000,0.002681
2660.0000,0.002627
2658.0000,0.002574
2656.0000,0.002523
2654.0000,0.002473
2652.0000,0.002425
2650.0000,0.002379
2648.0000,0.002333
2646.0000,0.002290
2644.0000,0.002247
2642.0000,0.002206
2640.0000,0.002166
2638.0000,0.002127
2636.0000,0.002089
2634.0000,0.002052
2632.0000,0.002016
2630.0000,0.001981
2628.0000,0.001947
2626.0000,0.001914
2624.0000,0.001882
2622.0000,0.001851
2620.0000,0.001820
2618.0000,0.001791
2616.0000,0.001762
2614.0000,0.001734
2612.0000,0.001706
2610.0000,0.001679
2608.0000,0.001653
2606.0000,0.001628
2604.0000,0.001603
2602.0000,0.001579
2600.0000,0.001555
2598.0000,0.001532
2596.0000,0.001510
2594.0000,0.001488
2592.0000,0.001466
2590.0000,0.001445
2588.0000,0.001424
2586.0000,0.001404
2584.0000,0.001385
2582.0000,0.001366
2580.0000,0.001347
2578.0000,0.001328
2576.0000,0.001311
2574.0000,0.001293
2572.0000,0.001276
2570.0000,0.001259
2568.0000,0.001242
2566.0000,0.001226
2564.0000,0.001211
2562.0000,0.001195
2560.0000,0.001180
2558.0000,0.001165
2556.0000,0.001151
2554.0000,0.001136
2552.0000,0.001123
2550.0000,0.001109
2548.0000,0.001095
2546.0000,0.001082
2544.0000,0.001069
2542.0000,0.001057
2540.0000,0.001044
2538.0000,0.001032
2536.0000,0.001020
2534.0000,0.001009
2532.0000,0.000997
2530.0000,0.000986
2528.0000,0.000975
2526.0000,0.000964
2524.0000,0.000953
2522.0000,0.000943
2520.0000,0.000933
2518.0000,0.000923
2516.0000,0.000913
2514.0000,0.000903
2512.0000,0.000893
2510.0000,0.000884
2508.0000,0.000875
2506.0000,0.000866
2504.0000,0.000857
2502.0000,0.000848
2500.0000,0.000840
2498.0000,0.000831
2496.0000,0.000823
2494.0000,0.000815
2492.0000,0.000807
2490.0000,0.000799
2488.0000,0.000791
2486.0000,0.000783
2484.0000,0.000776
2482.0000,0.000768
2480.0000,0.000761
2478.0000,0.000754
2476.0000,0.000747
2474.0000,0.000740
2472.0000,0.000733
2470.0000,0.000727
2468.0000,0.000720
2466.0000,0.000714
2464.0000,0.000707
2462.0000,0.000701
2460.0000,0.000695
2458.0000,0.000689
2456.0000,0.000683
2454.0000,0.000677
2452.0000,0.000671
2450.0000,0.000665
2448.0000,0.000659
2446.0000,0.000654
2444.0000,0.000648
2442.0000,0.000643
2440.0000,0.000638
2438.0000,0.000632
2436.0000,0.000627
2434.0000,0.000622
2432.0000,0.000617
2430.0000,0.000612
2428.0000,0.000607
2426.0000,0.000603
2424.0000,0.000598
2422.0000,0.000593
2420.0000,0.000589
2418.0000,0.000584
2416.0000,0.000580
2414.0000,0.000575
2412.0000,0.000571
2410.0000,0.000567
2408.0000,0.000563
2406.0000,0.000558
2404.0000,0.000554
2402.0000,0.000550
2400.0000,0.000546
2398.0000,0.000542
2396.0000,0.000538
2394.0000,0.000535
2392.0000,0.000531
2390.0000,0.000527
2388.0000,0.000524
2386.0000,0.000520
2384.0000,0.000516
2382.0000,0.000513
2380.0000,0.000509
2378.0000,0.000506
2376.0000,0.000503
2374.0000,0.000499
2372.0000,0.000496
2370.0000,0.000493
2368.0000,0.000490
2366.0000,0.000486
2364.0000,0.000483
2362.0000,0.000480
2360.0000,0.000477
2358.0000,0.000474
2356.0000,0.000471
2354.0000,0.000468
2352.0000,0.000465
2350.0000,0.000463
2348.0000,0.000460
2346.0000,0.000457
2344.0000,0.000454
2342.0000,0.000452
2340.0000,0.000449
2338.0000,0.000446
2336.0000,0.000444
2334.0000,0.000441
2332.0000,0.000439
2330.0000,0.000436
2328.0000,0.000434
2326.0000,0.000431
2324.0000,0.000429
2322.0000,0.000427
2320.0000,0.000424
2318.0000,0.000422
2316.0000,0.000420
2314.0000,0.000417
2312.0000,0.000415
2310.0000,0.000413
2308.0000,0.000411
2306.0000,0.000409
2304.0000,0.000407
2302.0000,0.000404
2300.0000,0.000402
2298.0000,0.000400
2296.0000,0.000398
2294.0000,0.000396
2292.0000,0.000394
2290.0000,0.000393
2288.0000,0.000391
2286.0000,0.000389
2284.0000,0.000387
2282.0000,0.000385
2280.0000,0.000383
2278.0000,0.000381
2276.0000,0.000380
2274.0000,0.000378
2272.0000,0.000376
2270.0000,0.000375
2268.0000,0.000373
2266.0000,0.000371
2264.0000,0.000370
2262.0000,0.000368
2260.0000,0.000366
2258.0000,0.000365
2256.0000,0.000363
2254.0000,0.000362
2252.0000,0.000360
2250.0000,0.000359
2248.0000,0.000357
2246.0000,0.000356
2244.0000,0.000354
2242.0000,0.000353
2240.0000,0.000352
2238.0000,0.000350
2236.0000,0.000349
2234.0000,0.000348
2232.0000,0.000346
2230.0000,0.000345
2228.0000,0.000344
2226.0000,0.000342
2224.0000,0.000341
2222.0000,0.000340
2220.0000,0.000339
2218.0000,0.000337
2216.0000,0.000336
2214.0000,0.000335
2212.0000,0.000334
2210.0000,0.000333
2208.0000,0.000332
2206.0000,0.000331
2204.0000,0.000329
2202.0000,0.000328
2200.0000,0.000327
2198.0000,0.000326
2196.0000,0.000325
2194.0000,0.000324
2192.0000,0.000323
2190.0000,0.000322
2188.0000,0.000321
2186.0000,0.000320
2184.0000,0.000319
2182.0000,0.000319
2180.0000,0.000318
2178.0000,0.000317
2176.0000,0.000316
2174.0000,0.000315
2172.0000,0.000314
2170.0000,0.000313
2168.0000,0.000312
2166.0000,0.000312
2164.0000,0.000311
2162.0000,0.000310
2160.0000,0.000309
2158.0000,0.000308
2156.0000,0.000308
2154.0000,0.000307
2152.0000,0.000306
2150.0000,0.000306
2148.0000,0.000305
2146.0000,0.000304
2144.0000,0.000304
2142.0000,0.000303
2140.0000,0.000302
2138.0000,0.000302
2136.0000,0.000301
2134.0000,0.000300
2132.0000,0.000300
2130.0000,0.000299
2128.0000,0.000299
2126.0000,0.000298
2124.0000,0.000297
2122.0000,0.000297
2120.0000,0.000296
2118.0000,0.000296
2116.0000,0.000295
2114.0000,0.000295
2112.0000,0.000294
2110.0000,0.000294
2108.0000,0.000293
2106.0000,0.000293
2104.0000,0.000293
2102.0000,0.000292
2100.0000,0.000292
2098.0000,0.000291
2096.0000,0.000291
2094.0000,0.000291
2092.0000,0.000290
2090.0000,0.000290
2088.0000,0.000289
2086.0000,0.000289
2084.0000,0.000289
2082.0000,0.000289
2080.0000,0.000288
2078.0000,0.000288
2076.0000,0.000288
2074.0000,0.000287
2072.0000,0.000287
2070.0000,0.000287
2068.0000,0.000287
2066.0000,0.000286
2064.0000,0.000286
2062.0000,0.000286
2060.0000,0.000286
2058.0000,0.000286
2056.0000,0.000285
2054.0000,0.000285
2052.0000,0.000285
2050.0000,0.000285
2048.0000,0.000285
2046.0000,0.000285
2044.0000,0.000285
2042.0000,0.000285
2040.0000,0.000284
2038.0000,0.000284
2036.0000,0.000284
2034.0000,0.000284
2032.0000,0.000284
2030.0000,0.000284
2028.0000,0.000284
2026.0000,0.000284
2024.0000,0.000284
2022.0000,0.000284
2020.0000,0.000284
2018.0000,0.000284
2016.0000,0.000284
2014.0000,0.000284
2012.0000,0.000284
2010.0000,0.000285
2008.0000,0.000285
2006.0000,0.000285
2004.0000,0.000285
2002.0000,0.000285
2000.0000,0.000285
1998.0000,0.000285
1996.0000,0.000285
1994.0000,0.000286
1992.0000,0.000286
1990.0000,0.000286
1988.0000,0.000286
1986.0000,0.000286
1984.0000,0.000287
1982.0000,0.000287
1980.0000,0.000287
1978.0000,0.000288
1976.0000,0.000288
1974.0000,0.000288
1972.0000,0.000288
1970.0000,0.000289
1968.0000,0.000289
1966.0000,0.000289
1964.0000,0.000290
1962.0000,0.000290
1960.0000,0.000291
1958.0000,0.000291
1956.0000,0.000291
1954.0000,0.000292
1952.0000,0.000292
1950.0000,0.000293
1948.0000,0.000293
1946.0000,0.000294
1944.0000,0.000294
1942.0000,0.000295
1940.0000,0.000295
1938.0000,0.000296
1936.0000,0.000296
1934.0000,0.000297
1932.0000,0.000297
1930.0000,0.000298
1928.0000,0.000299
1926.0000,0.000299
1924.0000,0.000300
1922.0000,0.000300
1920.0000,0.000301
1918.0000,0.000302
1916.0000,0.000302
1914.0000,0.000303
1912.0000,0.000304
1910.0000,0.000305
1908.0000,0.000305
1906.0000,0.000306
1904.0000,0.000307
1902.0000,0.000308
1900.0000,0.000309
1898.0000,0.000310
1896.0000,0.000310
1894.0000,0.000311
1892.0000,0.000312
1890.0000,0.000313
1888.0000,0.000314
1886.0000,0.000315
1884.0000,0.000316
1882.0000,0.000317
1880.0000,0.000318
1878.0000,0.000319
1876.0000,0.000320
1874.0000,0.000321
1872.0000,0.000322
1870.0000,0.000323
1868.0000,0.000324
1866.0000,0.000326
1864.0000,0.000327
1862.0000,0.000328
1860.0000,0.000329
1858.0000,0.000330
1856.0000,0.000332
1854.0000,0.000333
1852.0000,0.000334
1850.0000,0.000336
1848.0000,0.000337
1846.0000,0.000338
1844.0000,0.000340
1842.0000,0.000341
1840.0000,0.000343
1838.0000,0.000344
1836.0000,0.000346
1834.0000,0.000347
1832.0000,0.000349
1830.0000,0.000350
1828.0000,0.000352
1826.0000,0.000354
1824.0000,0.000355
1822.0000,0.000357
1820.0000,0.000359
1818.0000,0.000360
1816.0000,0.000362
1814.0000,0.000364
1812.0000,0.000366
1810.0000,0.000368
1808.0000,0.000370
1806.0000,0.000372
1804.0000,0.000374
1802.0000,0.000376
1800.0000,0.000378
1798.0000,0.000380
1796.0000,0.000382
1794.0000,0.000384
1792.0000,0.000386
1790.0000,0.000389
1788.0000,0.000391
1786.0000,0.000393
1784.0000,0.000396
1782.0000,0.000398
1780.0000,0.000401
1778.0000,0.000403
1776.0000,0.000406
1774.0000,0.000408
1772.0000,0.000411
1770.0000,0.000414
1768.0000,0.000416
1766.0000,0.000419
1764.0000,0.000422
1762.0000,0.000425
1760.0000,0.000428
1758.0000,0.000431
1756.0000,0.000434
1754.0000,0.000437
1752.0000,0.000440
1750.0000,0.000444
1748.0000,0.000447
1746.0000,0.000450
1744.0000,0.000454
1742.0000,0.000457
1740.0000,0.000461
1738.0000,0.000464
1736.0000,0.000468
1734.0000,0.000472
1732.0000,0.000476
1730.0000,0.000480
1728.0000,0.000484
1726.0000,0.000488
1724.0000,0.000492
1722.0000,0.000496
1720.0000,0.000500
1718.0000,0.000505
1716.0000,0.000509
1714.0000,0.000514
1712.0000,0.000519
1710.0000,0.000523
1708.0000,0.000528
1706.0000,0.000533
1704.0000,0.000538
1702.0000,0.000544
1700.0000,0.000549
1698.0000,0.000554
1696.0000,0.000560
1694.0000,0.000566
1692.0000,0.000572
1690.0000,0.000577
1688.0000,0.000584
1686.0000,0.000590
1684.0000,0.000596
1682.0000,0.000603
1680.0000,0.000609
1678.0000,0.000616
1676.0000,0.000623
1674.0000,0.000630
1672.0000,0.000638
1670.0000,0.000645
1668.0000,0.000653
1666.0000,0.000661
1664.0000,0.000669
1662.0000,0.000677
1660.0000,0.000685
1658.0000,0.000694
1656.0000,0.000703
1654.0000,0.000712
1652.0000,0.000721
1650.0000,0.000731
1648.0000,0.000741
1646.0000,0.000751
1644.0000,0.000761
1642.0000,0.000772
1640.0000,0.000783
1638.0000,0.000794
1636.0000,0.000806
1634.0000,0.000818
1632.0000,0.000830
1630.0000,0.000843
1628.0000,0.000856
1626.0000,0.000869
1624.0000,0.000883
1622.0000,0.000897
1620.0000,0.000912
1618.0000,0.000927
1616.0000,0.000943
1614.0000,0.000959
1612.0000,0.000975
1610.0000,0.000993
1608.0000,0.001010
1606.0000,0.001029
1604.0000,0.001048
1602.0000,0.001067
1600.0000,0.001088
1598.0000,0.001109
1596.0000,0.001130
1594.0000,0.001153
1592.0000,0.001176
1590.0000,0.001201
1588.0000,0.001226
1586.0000,0.001252
1584.0000,0.001279
1582.0000,0.001307
1580.0000,0.001337
1578.0000,0.001367
1576.0000,0.001399
1574.0000,0.001432
1572.0000,0.001467
1570.0000,0.001503
1568.0000,0.001541
1566.0000,0.001580
1564.0000,0.001622
1562.0000,0.001665
1560.0000,0.001710
1558.0000,0.001757
1556.0000,0.001807
1554.0000,0.001859
1552.0000,0.001914
1550.0000,0.001972
1548.0000,0.002033
1546.0000,0.002097
1544.0000,0.002165
1542.0000,0.002237
1540.0000,0.002312
1538.0000,0.002393
1536.0000,0.002478
1534.0000,0.002568
1532.0000,0.002665
1530.0000,0.002767
1528.0000,0.002877
1526.0000,0.002994
1524.0000,0.003119
1522.0000,0.003253
1520.0000,0.003398
1518.0000,0.003553
1516.0000,0.003721
1514.0000,0.003903
1512.0000,0.004101
1510.0000,0.004316
1508.0000,0.004550
1506.0000,0.004807
1504.0000,0.005089
1502.0000,0.005401
1500.0000,0.005746
1498.0000,0.006131
1496.0000,0.006563
1494.0000,0.007049
1492.0000,0.007602
1490.0000,0.008235
1488.0000,0.008967
1486.0000,0.009819
1484.0000,0.010815
1482.0000,0.011974
1480.0000,0.013315
1478.0000,0.014883
1476.0000,0.016782
1474.0000,0.019156
1472.0000,0.022149
1470.0000,0.025836
1468.0000,0.030090
1466.0000,0.034454
1464.0000,0.038326
1462.0000,0.041700
1460.0000,0.045545
1458.0000,0.051123
1456.0000,0.059485
1454.0000,0.071622
1452.0000,0.088625
1450.0000,0.111325
1448.0000,0.138813
1446.0000,0.165855
1444.0000,0.183368
1442.0000,0.187094
1440.0000,0.182675
1438.0000,0.176507
1436.0000,0.170303
1434.0000,0.166153
1432.0000,0.168082
1430.0000,0.177016
1428.0000,0.186672
1426.0000,0.185244
1424.0000,0.166729
1422.0000,0.138104
1420.0000,0.109625
1418.0000,0.086249
1416.0000,0.068505
1414.0000,0.055347
1412.0000,0.045579
1410.0000,0.038247
1408.0000,0.032666
1406.0000,0.028363
1404.0000,0.025013
1402.0000,0.022393
1400.0000,0.020352
1398.0000,0.018789
1396.0000,0.017646
1394.0000,0.016893
1392.0000,0.016524
1390.0000,0.016524
1388.0000,0.016795
1386.0000,0.017063
1384.0000,0.016962
1382.0000,0.016422
1380.0000,0.015783
1378.0000,0.015413
1376.0000,0.015514
1374.0000,0.016192
1372.0000,0.017556
1370.0000,0.019747
1368.0000,0.022884
1366.0000,0.026857
1364.0000,0.030973
1362.0000,0.033848
1360.0000,0.034031
1358.0000,0.031260
1356.0000,0.026930
1354.0000,0.022693
1352.0000,0.019327
1350.0000,0.016913
1348.0000,0.015294
1346.0000,0.014294
1344.0000,0.013782
1342.0000,0.013677
1340.0000,0.013938
1338.0000,0.014563
1336.0000,0.015590
1334.0000,0.017099
1332.0000,0.019221
1330.0000,0.022157
1328.0000,0.026208
1326.0000,0.031810
1324.0000,0.039568
1322.0000,0.050182
1320.0000,0.064039
1318.0000,0.079976
1316.0000,0.093380
1314.0000,0.097109
1312.0000,0.088584
1310.0000,0.073229
1308.0000,0.057703
1306.0000,0.045034
1304.0000,0.035538
1302.0000,0.028608
1300.0000,0.023559
1298.0000,0.019852
1296.0000,0.017105
1294.0000,0.015060
1292.0000,0.013545
1290.0000,0.012444
1288.0000,0.011687
1286.0000,0.011225
1284.0000,0.011012
1282.0000,0.010989
1280.0000,0.011110
1278.0000,0.011412
1276.0000,0.012030
1274.0000,0.013127
1272.0000,0.014869
1270.0000,0.017385
1268.0000,0.020602
1266.0000,0.023846
1264.0000,0.025625
1262.0000,0.024684
1260.0000,0.021554
1258.0000,0.017837
1256.0000,0.014588
1254.0000,0.012080
1252.0000,0.010226
1250.0000,0.008868
1248.0000,0.007866
1246.0000,0.007118
1244.0000,0.006555
1242.0000,0.006127
1240.0000,0.005802
1238.0000,0.005557
1236.0000,0.005375
1234.0000,0.005246
1232.0000,0.005161
1230.0000,0.005110
1228.0000,0.005084
1226.0000,0.005075
1224.0000,0.005086
1222.0000,0.005123
1220.0000,0.005191
1218.0000,0.005290
1216.0000,0.005423
1214.0000,0.005593
1212.0000,0.005805
1210.0000,0.006066
1208.0000,0.006384
1206.0000,0.006774
1204.0000,0.007253
1202.0000,0.007847
1200.0000,0.008592
1198.0000,0.009540
1196.0000,0.010767
1194.0000,0.012382
1192.0000,0.014540
1190.0000,0.017453
1188.0000,0.021354
1186.0000,0.026337
1184.0000,0.031897
1182.0000,0.036333
1180.0000,0.037327
1178.0000,0.034420
1176.0000,0.029645
1174.0000,0.025089
1172.0000,0.021603
1170.0000,0.019241
1168.0000,0.017812
1166.0000,0.017132
1164.0000,0.017079
1162.0000,0.017604
1160.0000,0.018730
1158.0000,0.020550
1156.0000,0.023239
1154.0000,0.027041
1152.0000,0.032199
1150.0000,0.038646
1148.0000,0.045328
1146.0000,0.049721
1144.0000,0.049472
1142.0000,0.045272
1140.0000,0.039940
1138.0000,0.035492
1136.0000,0.032527
1134.0000,0.030965
1132.0000,0.030581
1130.0000,0.031196
1128.0000,0.032719
1126.0000,0.035146
1124.0000,0.038552
1122.0000,0.043106
1120.0000,0.049080
1118.0000,0.056889
1116.0000,0.067152
1114.0000,0.080778
1112.0000,0.099089
1110.0000,0.123957
1108.0000,0.157786
1106.0000,0.202871
1104.0000,0.258897
1102.0000,0.317539
1100.0000,0.358907
1098.0000,0.364213
1096.0000,0.338706
1094.0000,0.305607
1092.0000,0.280004
1090.0000,0.260001
1088.0000,0.234838
1086.0000,0.200033
1084.0000,0.162131
1082.0000,0.128652
1080.0000,0.102224
1078.0000,0.082256
1076.0000,0.067285
1074.0000,0.055964
1072.0000,0.047278
1070.0000,0.040503
1068.0000,0.035135
1066.0000,0.030819
1064.0000,0.027305
1062.0000,0.024409
1060.0000,0.021999
1058.0000,0.019978
1056.0000,0.018270
1054.0000,0.016818
1052.0000,0.015580
1050.0000,0.014522
1048.0000,0.013618
1046.0000,0.012847
1044.0000,0.012195
1042.0000,0.011649
1040.0000,0.011203
1038.0000,0.010853
1036.0000,0.010597
1034.0000,0.010440
1032.0000,0.010391
1030.0000,0.010466
1028.0000,0.010688
1026.0000,0.011094
1024.0000,0.011736
1022.0000,0.012673
1020.0000,0.013940
1018.0000,0.015465
1016.0000,0.016972
1014.0000,0.018136
1012.0000,0.019048
1010.0000,0.020266
1008.0000,0.022383
1006.0000,0.025835
1004.0000,0.030898
1002.0000,0.037438
1000.0000,0.044214
998.0000,0.048561
996.0000,0.048296
994.0000,0.044030
992.0000,0.037786
990.0000,0.031137
988.0000,0.025157
986.0000,0.020352
984.0000,0.016709
982.0000,0.014000
980.0000,0.011978
978.0000,0.010451
976.0000,0.009280
974.0000,0.008369
972.0000,0.007650
970.0000,0.007075
968.0000,0.006613
966.0000,0.006238
964.0000,0.005933
962.0000,0.005686
960.0000,0.005487
958.0000,0.005329
956.0000,0.005208
954.0000,0.005118
952.0000,0.005058
950.0000,0.005028
948.0000,0.005026
946.0000,0.005053
944.0000,0.005111
942.0000,0.005203
940.0000,0.005334
938.0000,0.005511
936.0000,0.005742
934.0000,0.006042
932.0000,0.006428
930.0000,0.006928
928.0000,0.007578
926.0000,0.008435
924.0000,0.009578
922.0000,0.011123
920.0000,0.013232
918.0000,0.016105
916.0000,0.019902
914.0000,0.024465
912.0000,0.028782
910.0000,0.030864
908.0000,0.029385
906.0000,0.025385
904.0000,0.020903
902.0000,0.017111
900.0000,0.014256
898.0000,0.012199
896.0000,0.010742
894.0000,0.009717
892.0000,0.009006
890.0000,0.008529
888.0000,0.008233
886.0000,0.008088
884.0000,0.008077
882.0000,0.008197
880.0000,0.008453
878.0000,0.008848
876.0000,0.009350
874.0000,0.009848
872.0000,0.010158
870.0000,0.010197
868.0000,0.010092
866.0000,0.010020
864.0000,0.010068
862.0000,0.010251
860.0000,0.010560
858.0000,0.010986
856.0000,0.011522
854.0000,0.012170
852.0000,0.012936
850.0000,0.013832
848.0000,0.014876
846.0000,0.016090
844.0000,0.017508
842.0000,0.019170
840.0000,0.021129
838.0000,0.023455
836.0000,0.026242
834.0000,0.029616
832.0000,0.033747
830.0000,0.038873
828.0000,0.045327
826.0000,0.053584
824.0000,0.064333
822.0000,0.078574
820.0000,0.097733
818.0000,0.123737
816.0000,0.158741
814.0000,0.203663
812.0000,0.254091
810.0000,0.294774
808.0000,0.304655
806.0000,0.279346
804.0000,0.237293
802.0000,0.197708
800.0000,0.168410
798.0000,0.149718
796.0000,0.140164
794.0000,0.139215
792.0000,0.147441
790.0000,0.165935
788.0000,0.195386
786.0000,0.233438
784.0000,0.270093
782.0000,0.288119
780.0000,0.277031
778.0000,0.242962
776.0000,0.199486
774.0000,0.157914
772.0000,0.123783
770.0000,0.097748
768.0000,0.078374
766.0000,0.063944
764.0000,0.053062
762.0000,0.044718
760.0000,0.038208
758.0000,0.033043
756.0000,0.028881
754.0000,0.025479
752.0000,0.022663
750.0000,0.020306
748.0000,0.018311
746.0000,0.016609
744.0000,0.015143
742.0000,0.013871
740.0000,0.012760
738.0000,0.011784
736.0000,0.010921
734.0000,0.010154
732.0000,0.009469
730.0000,0.008854
728.0000,0.008301
726.0000,0.007801
724.0000,0.007347
722.0000,0.006933
720.0000,0.006556
718.0000,0.006210
716.0000,0.005892
714.0000,0.005600
712.0000,0.005330
710.0000,0.005081
708.0000,0.004849
706.0000,0.004634
704.0000,0.004434
702.0000,0.004248
700.0000,0.004073
698.0000,0.003910
696.0000,0.003758
694.0000,0.003614
692.0000,0.003480
690.0000,0.003353
688.0000,0.003233
686.0000,0.003121
684.0000,0.003014
682.0000,0.002913
680.0000,0.002818
678.0000,0.002728
676.0000,0.002642
674.0000,0.002560
672.0000,0.002483
670.0000,0.002409
668.0000,0.002339
666.0000,0.002272
664.0000,0.002208
662.0000,0.002148
660.0000,0.002089
658.0000,0.002034
656.0000,0.001981
654.0000,0.001930
652.0000,0.001881
650.0000,0.001834
648.0000,0.001789
646.0000,0.001746
644.0000,0.001705
642.0000,0.001665
640.0000,0.001627
638.0000,0.001590
636.0000,0.001554
634.0000,0.001520
632.0000,0.001488
630.0000,0.001456
628.0000,0.001425
626.0000,0.001396
624.0000,0.001367
622.0000,0.001340
620.0000,0.001314
618.0000,0.001288
616.0000,0.001263
614.0000,0.001239
612.0000,0.001216
610.0000,0.001194
608.0000,0.001172
606.0000,0.001151
604.0000,0.001131
602.0000,0.001111
600.0000,0.001092
598.0000,0.001074
596.0000,0.001056
594.0000,0.001038
592.0000,0.001022
590.0000,0.001005
588.0000,0.000990
586.0000,0.000974
584.0000,0.000959
582.0000,0.000945
580.0000,0.000931
578.0000,0.000918
576.0000,0.000905
574.0000,0.000892
572.0000,0.000880
570.0000,0.000868
568.0000,0.000856
566.0000,0.000845
564.0000,0.000834
562.0000,0.000824
560.0000,0.000814
558.0000,0.000804
556.0000,0.000795
554.0000,0.000786
552.0000,0.000778
550.0000,0.000770
548.0000,0.000762
546.0000,0.000755
544.0000,0.000748
542.0000,0.000742
540.0000,0.000736
538.0000,0.000731
536.0000,0.000726
534.0000,0.000722
532.0000,0.000719
530.0000,0.000717
528.0000,0.000715
526.0000,0.000715
524.0000,0.000715
522.0000,0.000717
520.0000,0.000721
518.0000,0.000727
516.0000,0.000736
514.0000,0.000748
512.0000,0.000764
510.0000,0.000785
508.0000,0.000813
506.0000,0.000850
504.0000,0.000900
502.0000,0.000967
500.0000,0.001059
498.0000,0.001184
496.0000,0.001358
494.0000,0.001594
492.0000,0.001899
490.0000,0.002241
488.0000,0.002510
486.0000,0.002559
484.0000,0.002356
482.0000,0.002032
480.0000,0.001721
478.0000,0.001479
476.0000,0.001310
474.0000,0.001203
472.0000,0.001148
470.0000,0.001139
468.0000,0.001175
466.0000,0.001254
464.0000,0.001363
462.0000,0.001459
460.0000,0.001472
458.0000,0.001375
456.0000,0.001215
454.0000,0.001054
452.0000,0.000921
450.0000,0.000820
448.0000,0.000743
446.0000,0.000685
444.0000,0.000641
442.0000,0.000606
440.0000,0.000578
438.0000,0.000555
436.0000,0.000536
434.0000,0.000519
432.0000,0.000506
430.0000,0.000494
428.0000,0.000483
426.0000,0.000474
424.0000,0.000465
422.0000,0.000458
420.0000,0.000451
418.0000,0.000445
416.0000,0.000439
414.0000,0.000434
412.0000,0.000429
410.0000,0.000424
408.0000,0.000420
406.0000,0.000416
404.0000,0.000412
402.0000,0.000409
400.0000,0.000406
